さいたま市: トップリスト	https://maps.app.goo.gl/qosxaZow4hLq9wCS8
さいたま市: トレンド	https://maps.app.goo.gl/6XSu2KVFqeUMvKLw5
さいたま市: 地元で人気	https://maps.app.goo.gl/yCKJkqavjhcM6P2h9
つくば市: トップリスト	https://maps.app.goo.gl/UcCc6gesnE5pCehX7
つくば市: トレンド	https://maps.app.goo.gl/tPYGfAgwND8753Lg8
つくば市: 地元で人気	https://maps.app.goo.gl/yL69BLiacsS55gJ3A
一宮市: トップリスト	https://maps.app.goo.gl/MzD7r3sfSG95wWHX9
一宮市: トレンド	https://maps.app.goo.gl/NbEaBfznTv4mijZK6
一宮市: 地元で人気	https://maps.app.goo.gl/C7PqLUQ9BPtfzeLu9
上京区: トップリスト	https://maps.app.goo.gl/ADYA7bWhbjRrG8ya7
上京区: トレンド	https://maps.app.goo.gl/6A3uTjxfuM7bcp5e7
上京区: 地元で人気	https://maps.app.goo.gl/ED9sCHxX3qZJo6NC6
上目黒: トップリスト	https://maps.app.goo.gl/CEcmDoNGXG8wNKRm7
上目黒: トレンド	https://maps.app.goo.gl/ERyc3dknxtzTd8wy9
上目黒: 地元で人気	https://maps.app.goo.gl/nr1MRUdkvGmxVi7J7
上野: トップリスト	https://maps.app.goo.gl/Xw37kbVXRUdFZKbK9
上野: トレンド	https://maps.app.goo.gl/39sMvUXpaJn7P2Wv5
上野: 地元で人気	https://maps.app.goo.gl/2qsWveeouC68a1D59
下京区: トップリスト	https://maps.app.goo.gl/mLpNvwKM73AjuPWW6
下京区: トレンド	https://maps.app.goo.gl/jYTGkRzYVpjiyrkr7
下京区: 地元で人気	https://maps.app.goo.gl/ZAZmBek6eEHDFsFx5
下北沢: 地元で人気	https://maps.app.goo.gl/HTe19kBEPkdXdDcQ9
下関市: トップリスト	https://maps.app.goo.gl/xU9UADxVuY9qxDFQ7
下関市: トレンド	https://maps.app.goo.gl/cwmtu2EdNvM8mC8V8
下関市: 地元で人気	https://maps.app.goo.gl/bZsHcDWERFYu85Xy6
世田谷区: トップリスト	https://maps.app.goo.gl/bJmxZVpQRJedmKaT8
世田谷区: トレンド	https://maps.app.goo.gl/nfRzTtTwWkKB15E16
世田谷区: 地元で人気	https://maps.app.goo.gl/BJBTWCpykvrwxksd8
両国: トップリスト	https://maps.app.goo.gl/NdBbnTXYQWtLZegX6
両国: トレンド	https://maps.app.goo.gl/ALCYE7gn7Zrc9bvq6
両国: 地元で人気	https://maps.app.goo.gl/cDdpPPT5efWJB4Mr8
中京区: トップリスト	https://maps.app.goo.gl/SVtFM8ymmUq5WvHM7
中京区: トレンド	https://maps.app.goo.gl/V8yka5fgZDtNAoQh7
中京区: 地元で人気	https://maps.app.goo.gl/7uD4YEXZFYWWLsobA
中区: トップリスト	https://maps.app.goo.gl/icUAnx5Hnd2t7FXLA
中区: トレンド	https://maps.app.goo.gl/nqZVjL7uiutZbSHJ8
中区: 地元で人気	https://maps.app.goo.gl/WmwsUeASs8qrq2CN8
中央区: トップリスト	https://maps.app.goo.gl/q4AEjf2mKio2ruPp9
中央区: トレンド	https://maps.app.goo.gl/Yy2dt7iFxxou5uXZ9
中央区: 地元で人気	https://maps.app.goo.gl/NkipHYepESWeRA5q8
中目黒: トップリスト	https://maps.app.goo.gl/WFHbnuP5MEiiXvFP9
中目黒: トレンド	https://maps.app.goo.gl/Ly6AvtCRn6owcnyb8
中目黒: 地元で人気	https://maps.app.goo.gl/xmyk1NByNvJ5LaTq9
中野区: トップリスト	https://maps.app.goo.gl/SgXromX3KHFAX95i8
中野区: トレンド	https://maps.app.goo.gl/huYBsh4ZrxL45EYZA
久留米市: トップリスト	https://maps.app.goo.gl/T7BxYUqdg2zYJV2G6
久留米市: トレンド	https://maps.app.goo.gl/CyRBUNemWSbVKPoYA
久留米市: 地元で人気	https://maps.app.goo.gl/vV8bbdeCupAFbLmD6
五反田: トップリスト	https://maps.app.goo.gl/CGF8QpEZ3DaLhDQT6
五反田: トレンド	https://maps.app.goo.gl/xiLpQ3jGyoVokQ8e8
五反田: 地元で人気	https://maps.app.goo.gl/RqGpZ6KqZY3bQtno7
京都市: トップリスト	https://maps.app.goo.gl/8DukRsE3d4DEo4xZ6
京都市: トレンド	https://maps.app.goo.gl/mPj3eWLDUzCwVXZ9A
京都市: 地元で人気	https://maps.app.goo.gl/5iAbban5gciEEvZMA
京都都市圏: トップリスト	https://maps.app.goo.gl/wWxh5ogXVKC1hLQE9
京都都市圏: トレンド	https://maps.app.goo.gl/UV7jT92qTK2PQYvt9
京都都市圏: 地元で人気	https://maps.app.goo.gl/5NQdRfHBmgF2xewP9
仙台市: トップリスト	https://maps.app.goo.gl/p17NzNXt8oTChMyD7
仙台市: トレンド	https://maps.app.goo.gl/mRv8hHztUUXSXc3W7
仙台市: 地元で人気	https://maps.app.goo.gl/AEaXuxWH3VPFkWzA9
代々木: トップリスト	https://maps.app.goo.gl/xYiPuqvreUZVS5sLA
代々木: トレンド	https://maps.app.goo.gl/DaKVgi8XbRhxP4kx7
代官山町: トップリスト	https://maps.app.goo.gl/jeMQN6TkGo11ybkF8
代官山町: 地元で人気	https://maps.app.goo.gl/EByGMUVnCiRJ2PH87
伏見: トップリスト	https://maps.app.goo.gl/sa5tnW3u1br6NpFo7
伏見: トレンド	https://maps.app.goo.gl/5BvN3c5GnCJMoRjX7
伏見区: トレンド	https://maps.app.goo.gl/jhRNnxzpeE4yREsC9
佐賀市: トップリスト	https://maps.app.goo.gl/x3ZCJzuPmgnQhVnE7
佐賀市: トレンド	https://maps.app.goo.gl/7UyZ49j7FfSCGCCV6
佐賀市: 地元で人気	https://maps.app.goo.gl/bRc2Mv9TX8Vp6K3j6
倉敷市: トップリスト	https://maps.app.goo.gl/auCWQSdGkqDjTMDH8
倉敷市: トレンド	https://maps.app.goo.gl/AJV4s6bu7E5Ezvep9
倉敷市: 地元で人気	https://maps.app.goo.gl/PPdv8dGkbhXH3xAF8
八王子市: トップリスト	https://maps.app.goo.gl/sKDHaWTz16M9wDqV7
八王子市: トレンド	https://maps.app.goo.gl/ip54JdH4xDffr36SA
八王子市: 地元で人気	https://maps.app.goo.gl/vuZtF4RbeDWH4qgb6
六本木: トップリスト	https://maps.app.goo.gl/u8UBVwN13Uiv6sz29
六本木: トレンド	https://maps.app.goo.gl/ptmMUxtxH1bbawtR6
函館市: トップリスト	https://maps.app.goo.gl/FTjuC2zpjkZWgEEu6
函館市: トレンド	https://maps.app.goo.gl/P6sxhWQQNRa2ngb38
函館市: 地元で人気	https://maps.app.goo.gl/nEdVne5VTy9ohpdM7
前橋市: トップリスト	https://maps.app.goo.gl/8Q1yvBAywYZBncVN6
前橋市: トレンド	https://maps.app.goo.gl/5oKrHKdSeX1BbmVv5
前橋市: 地元で人気	https://maps.app.goo.gl/75cAH8hktCuYP28x8
北九州市: トップリスト	https://maps.app.goo.gl/BPe5nzbjsXK5zFoD7
北九州市: トレンド	https://maps.app.goo.gl/FwuGXhE8Aj3B9z3d7
北九州市: 地元で人気	https://maps.app.goo.gl/jjTXP56sYpDPPKT76
北区: トップリスト	https://maps.app.goo.gl/jDfAhScTKVb9Hdn98
北区: トレンド	https://maps.app.goo.gl/6UnR2CZZcc8riTYm9
北区: 地元で人気	https://maps.app.goo.gl/TF1cy1idtbngdppo9
千代田区: トップリスト	https://maps.app.goo.gl/HM5oUatovmCRMtWT6
千代田区: 地元で人気	https://maps.app.goo.gl/PSPtTJMgjkXYg5nF6
千葉市: トップリスト	https://maps.app.goo.gl/AZEs6FhHUntJBUBq7
千葉市: トレンド	https://maps.app.goo.gl/mzz4N7D1RqsZ9k366
千葉市: 地元で人気	https://maps.app.goo.gl/2JPsbX1RRrFi9VSB8
南区: トップリスト	https://maps.app.goo.gl/sUeECND5Fugo3jEc9
南区: トレンド	https://maps.app.goo.gl/4XG1mif5nkJdujrw8
南区: 地元で人気	https://maps.app.goo.gl/mWCPbemBguDiiFk78
原宿: 地元で人気	https://maps.app.goo.gl/TGm3uRQyvYkXM1FNA
右京区: トップリスト	https://maps.app.goo.gl/YpK3CtAbtBfJdUov7
右京区: トレンド	https://maps.app.goo.gl/v3N98VJU3hStdYG56
右京区: 地元で人気	https://maps.app.goo.gl/WDbPSsPASSq6Xwbm7
吉祥寺: トップリスト	https://maps.app.goo.gl/DTkyZeuSkQGWaKCp6
吉祥寺: トレンド	https://maps.app.goo.gl/TZHvETYv6ZCVdfBt8
吉祥寺: 地元で人気	https://maps.app.goo.gl/ooFM4dJiEXeh6ekk9
名古屋市: トップリスト	https://maps.app.goo.gl/JA278ZZp1E1WZy9q8
名古屋市: トレンド	https://maps.app.goo.gl/RSNzPSvXStwsNQqC7
名古屋市: 地元で人気	https://maps.app.goo.gl/fevmdVhfrTXQnYEy5
名駅: トレンド	https://maps.app.goo.gl/o6jhhtS4upzvbPoc9
吹田市: トップリスト	https://maps.app.goo.gl/ytAWJXMjt9pYNMM26
吹田市: トレンド	https://maps.app.goo.gl/wV4owkHVRLZopyJU6
吹田市: 地元で人気	https://maps.app.goo.gl/xAozHtGbzSVPdTY46
和歌山市: トップリスト	https://maps.app.goo.gl/BsLQ2x5TtTTqXeJ98
和歌山市: トレンド	https://maps.app.goo.gl/UpWMETq84awrCZqr6
和歌山市: 地元で人気	https://maps.app.goo.gl/buhpnDs4X8qpcYdh8
品川区: トップリスト	https://maps.app.goo.gl/WJgqU4JeoD4eW73Z7
品川区: トレンド	https://maps.app.goo.gl/z34WwrkaanMrhsTo9
品川区: 地元で人気	https://maps.app.goo.gl/6xhJqH9B5TyPWU3V9
四日市市: トップリスト	https://maps.app.goo.gl/gmJs1ZvFgAuHSR3N6
四日市市: トレンド	https://maps.app.goo.gl/mu39bAdprQADWHcS8
四日市市: 地元で人気	https://maps.app.goo.gl/j8MgbsmujidBnBuXA
堺市: トップリスト	https://maps.app.goo.gl/ikoniabGm7mmQ6Gh9
堺市: トレンド	https://maps.app.goo.gl/XeoV1sex3Jyi6wJ36
堺市: 地元で人気	https://maps.app.goo.gl/TkmJh8uoSNGh532PA
墨田区: トップリスト	https://maps.app.goo.gl/torELPwtjh2JwrLJ9
墨田区: トレンド	https://maps.app.goo.gl/Q1nC1qjdUTUCHrFp8
墨田区: 地元で人気	https://maps.app.goo.gl/b3xEX27jG4SqkKL76
多摩市: トップリスト	https://maps.app.goo.gl/3saqfKuTtEfB6HEy8
多摩市: トレンド	https://maps.app.goo.gl/hTpe2FCHw6vRAgTa8
多摩市: 地元で人気	https://maps.app.goo.gl/GzSiEJN6tHmWU9Wx8
大分市: トップリスト	https://maps.app.goo.gl/4EZKSJSR8vjAaQ3x7
大分市: トレンド	https://maps.app.goo.gl/f91DQVjJEimMw4E1A
大分市: 地元で人気	https://maps.app.goo.gl/s8KEybSQRgJstxor7
大宮区: トップリスト	https://maps.app.goo.gl/jThWdv3MgwE5nkPh8
大宮区: トレンド	https://maps.app.goo.gl/zKT6V2BPDXxNDARY9
大宮区: 地元で人気	https://maps.app.goo.gl/p9RFCW3Q7gvnHED36
大森: トップリスト	https://maps.app.goo.gl/mA3GckhvQ2hiJQ2M8
大森: トレンド	https://maps.app.goo.gl/SejT54FQ2vM8br5AA
大森: 地元で人気	https://maps.app.goo.gl/2f4MNUfhD68LjRkr8
大津市: トップリスト	https://maps.app.goo.gl/TmAiozEsasANbspP7
大津市: トレンド	https://maps.app.goo.gl/Tak35Q8bPYzy5RN58
大津市: 地元で人気	https://maps.app.goo.gl/jwoNs7pJZkoJPqyN7
大阪市: トップリスト	https://maps.app.goo.gl/yesYvXEnpFEJnT3RA
大阪市: トレンド	https://maps.app.goo.gl/JUN8LWxxnqxY272j8
大阪市: 地元で人気	https://maps.app.goo.gl/6dyBcQQb42XvyudJ9
大須: トレンド	https://maps.app.goo.gl/KYGGgsDCvfyFaHLC6
大須: 地元で人気	https://maps.app.goo.gl/deEJKWUpDg881vRa9
天王寺区: トップリスト	https://maps.app.goo.gl/qKneqm7VAftqYFB26
天王寺区: トレンド	https://maps.app.goo.gl/FeE4Tq8tsCHAzFH47
天王寺区: 地元で人気	https://maps.app.goo.gl/pfJGSJSwCu6s31NX9
天白区: トレンド	https://maps.app.goo.gl/sowgMsvRN7ZN5Pkc9
天白区: 地元で人気	https://maps.app.goo.gl/oN9YRD5YNmPyKDKU6
奈良市: トップリスト	https://maps.app.goo.gl/1cTicc6KWSETPRxb9
奈良市: トレンド	https://maps.app.goo.gl/FhWivTJSPUaEdQsS7
奈良市: 地元で人気	https://maps.app.goo.gl/RohB7pYfa9Ld9ZFC7
姫路市: トップリスト	https://maps.app.goo.gl/dxRUTBKjK3wajjCd7
姫路市: トレンド	https://maps.app.goo.gl/nnLzyqcpMCXEtGbG6
姫路市: 地元で人気	https://maps.app.goo.gl/wzxzzif1qWGdhrSPA
宇都宮市: トップリスト	https://maps.app.goo.gl/nYcaR4XHt3cvAAmY9
宇都宮市: トレンド	https://maps.app.goo.gl/PX4HEuhPV6Cz6MYC6
宇都宮市: 地元で人気	https://maps.app.goo.gl/6m7APzTs8TYhGbuW8
宮崎市: トップリスト	https://maps.app.goo.gl/NyrRgYagDcbUoNuY8
宮崎市: トレンド	https://maps.app.goo.gl/AYHNgpamgZ1XQkcv7
宮崎市: 地元で人気	https://maps.app.goo.gl/MWh57PwxnMEeyT8t9
富山市: トップリスト	https://maps.app.goo.gl/CcZgAkY2omHEzoaj8
富山市: トレンド	https://maps.app.goo.gl/hATLHdGtfnXSDr5D6
富山市: 地元で人気	https://maps.app.goo.gl/nh2q1DkpCUdZQeCv7
小樽市: トップリスト	https://maps.app.goo.gl/cafNCPYoQHkgATzC9
小樽市: トレンド	https://maps.app.goo.gl/UV5BsssUs1JJ8CMB7
小樽市: 地元で人気	https://maps.app.goo.gl/7VLBdBkoFZcZPz4n7
尼崎市: トップリスト	https://maps.app.goo.gl/3AF6GkzE8LYTLsJq6
尼崎市: トレンド	https://maps.app.goo.gl/ZJFD6ET53XgXRimk6
尼崎市: 地元で人気	https://maps.app.goo.gl/rZsffbScnQshuPS47
尾道市: トップリスト	https://maps.app.goo.gl/SD4aHdtvG1NavPt78
尾道市: トレンド	https://maps.app.goo.gl/aFh2sp2ZBqyrJqXLA
尾道市: 地元で人気	https://maps.app.goo.gl/dogjDeccPRHkQEWP6
山形市: トップリスト	https://maps.app.goo.gl/JF66ZQjuhNmBcJYB8
山形市: トレンド	https://maps.app.goo.gl/MLGDuoHxxsuqL5zt7
山形市: 地元で人気	https://maps.app.goo.gl/2BZzEBnaYGGgVvBe7
山科区: トレンド	https://maps.app.goo.gl/CmhtFgDYbCS9Wpwt6
山科区: 地元で人気	https://maps.app.goo.gl/V916bd3FGmPMNijy9
岐阜市: トップリスト	https://maps.app.goo.gl/fdHUbPxa4DuCNKxEA
岐阜市: トレンド	https://maps.app.goo.gl/JVJSe9eoZJXAZKi56
岐阜市: 地元で人気	https://maps.app.goo.gl/d8zHQotfYahZgqCU6
岡山市: トップリスト	https://maps.app.goo.gl/4KRWvkTQaDGPxnwo9
岡山市: トレンド	https://maps.app.goo.gl/2pr2XS1oKo9yhgoy8
岡山市: 地元で人気	https://maps.app.goo.gl/8gSUS37wrVfAqu6cA
岡崎市: トップリスト	https://maps.app.goo.gl/QuBfbp4s4yyxGwYW8
岡崎市: トレンド	https://maps.app.goo.gl/d8TcdwY8YEZwkakY9
岡崎市: 地元で人気	https://maps.app.goo.gl/Z77qexDfh134QyKn6
川口市: トップリスト	https://maps.app.goo.gl/SbU4hJahbdQjgQLZ9
川口市: トレンド	https://maps.app.goo.gl/kvMuoGCU1LVAbBWu6
川口市: 地元で人気	https://maps.app.goo.gl/mFKDFbx7kGRrAwwy5
川崎区: トレンド	https://maps.app.goo.gl/a8pEbAbkn2dknwdK8
川崎区: 地元で人気	https://maps.app.goo.gl/F9DyWtgEpWsFScr4A
川崎市: トップリスト	https://maps.app.goo.gl/jAoQCWNJVSk1EBCBA
川崎市: トレンド	https://maps.app.goo.gl/Lx2gZcoUY8eEToWc6
川崎市: 地元で人気	https://maps.app.goo.gl/bcbmHHWE6TjqgSGp8
川越市: トップリスト	https://maps.app.goo.gl/nWC1WCySshW9uYAZ8
川越市: トレンド	https://maps.app.goo.gl/iK9XQC8cZrz6yy3h6
川越市: 地元で人気	https://maps.app.goo.gl/eTkvik8kyme35hjp9
左京区: トップリスト	https://maps.app.goo.gl/zicFjZFzTiiZJBsW8
左京区: トレンド	https://maps.app.goo.gl/VYoxZ2rW3YC86maw5
左京区: 地元で人気	https://maps.app.goo.gl/1P4ZNEEqykESn1CD9
帯広市: トップリスト	https://maps.app.goo.gl/L8z5D12HLs78h1PZ8
帯広市: トレンド	https://maps.app.goo.gl/v1zga6LiLcWguAVr8
帯広市: 地元で人気	https://maps.app.goo.gl/FBYUP8WNA1y2sowh6
平塚市: トップリスト	https://maps.app.goo.gl/Y4kHt4Au4auKcTcF6
平塚市: トレンド	https://maps.app.goo.gl/fymQuxWYGGHheQ3p7
平塚市: 地元で人気	https://maps.app.goo.gl/1R7oXCfUFGrBKDgj6
広島市: トップリスト	https://maps.app.goo.gl/teP15sfQoJgbSUiTA
広島市: トレンド	https://maps.app.goo.gl/M4NP3Yp8mCDxYHQFA
広島市: 地元で人気	https://maps.app.goo.gl/njA8yam1uSguytKw9
徳島市: トップリスト	https://maps.app.goo.gl/zJyPQY4MqBi3ufoYA
徳島市: トレンド	https://maps.app.goo.gl/b5LYGFC1ozL4xZQk9
徳島市: 地元で人気	https://maps.app.goo.gl/54ab312p8e9FtTuc8
恵比寿: トップリスト	https://maps.app.goo.gl/UhqHyJJ9hJPr1Zzq7
恵比寿: 地元で人気	https://maps.app.goo.gl/LUXCdcX4RHiA7UKD7
所沢市: トップリスト	https://maps.app.goo.gl/hMgMGhM9BobgEcYt6
所沢市: トレンド	https://maps.app.goo.gl/6o7ajJ3fbPokg5gNA
所沢市: 地元で人気	https://maps.app.goo.gl/iaiHNv8ugZcWLd9f8
文京区: トップリスト	https://maps.app.goo.gl/xVhcFSTk7kTevXjh7
文京区: トレンド	https://maps.app.goo.gl/6UVJ77uxAHArKKTy5
文京区: 地元で人気	https://maps.app.goo.gl/CpPnkiL8fvfWvZyd6
新宿: トップリスト	https://maps.app.goo.gl/JeVW4n9CGeQ8qGCb7
新宿: トレンド	https://maps.app.goo.gl/6Rbz87f36rY83L5x5
新宿: 地元で人気	https://maps.app.goo.gl/uVczJCDkb662FmCw9
新宿区: トップリスト	https://maps.app.goo.gl/KZkmG8BTr95KVpAw9
新宿区: トレンド	https://maps.app.goo.gl/U9pTojsA6rvJJYmH6
新潟市: トップリスト	https://maps.app.goo.gl/uiCdw9LhX7ccYttH6
新潟市: トレンド	https://maps.app.goo.gl/MCxJ4B5cC5Z4VFS5A
新潟市: 地元で人気	https://maps.app.goo.gl/4CoxfXEVYttErtZA6
日本橋: トップリスト	https://maps.app.goo.gl/eZkuRfHFBw95eRQ59
日本橋: トレンド	https://maps.app.goo.gl/RHUbH4xBMtA8mDSr8
日比谷: トップリスト	https://maps.app.goo.gl/QyxBEJEuU3tPgpq58
日比谷: トレンド	https://maps.app.goo.gl/xmhGVpZTaL3xkdkE8
日比谷: 地元で人気	https://maps.app.goo.gl/E2CsoqZhGFPPg3vW7
明石市: トップリスト	https://maps.app.goo.gl/oMUhyErkHzYCgLYV8
明石市: トレンド	https://maps.app.goo.gl/uQB677KKwNQnizVp9
明石市: 地元で人気	https://maps.app.goo.gl/tdJbvQJ7qhpD3AuKA
札幌市: トップリスト	https://maps.app.goo.gl/JRJkBGpmiyMR2Ppq9
札幌市: トレンド	https://maps.app.goo.gl/H4h9xKrSmaWbAsti7
札幌市: 地元で人気	https://maps.app.goo.gl/A69SoGEfz3aG7v739
杉並区: トレンド	https://maps.app.goo.gl/FSbyzmasmJFEMwKP9
杉並区: 地元で人気	https://maps.app.goo.gl/93CmYtU9sxWMEKKP9
東京: トップリスト	https://maps.app.goo.gl/14MNTPhr7eQRJfxG9
東京: 地元で人気	https://maps.app.goo.gl/QTwsPnWW3ziHA9iWA
東京都: トップリスト	https://maps.app.goo.gl/Pv9CG3w4yjveNBWy9
東京都: トレンド	https://maps.app.goo.gl/vzedLmjcdjXA8g1s7
東京都: 地元で人気	https://maps.app.goo.gl/qNQ6TyEEFvNnTQkX8
東区: トレンド	https://maps.app.goo.gl/gVTPT1fR9amL2KGM9
東区: 地元で人気	https://maps.app.goo.gl/xJxuAX58rk4jaukr7
東大阪市: トップリスト	https://maps.app.goo.gl/XmbQ2kPLvSdFLRx87
東大阪市: トレンド	https://maps.app.goo.gl/GrFBeRdmGbTiA1DT6
東大阪市: 地元で人気	https://maps.app.goo.gl/gzW2PXJ92do8oFBn9
松山市: トップリスト	https://maps.app.goo.gl/kujyhN9BTW4xBsm38
松山市: トレンド	https://maps.app.goo.gl/1ztfHSQdVXu45jsy5
松山市: 地元で人気	https://maps.app.goo.gl/KV5mz4uVZMgjgYw39
松戸市: トップリスト	https://maps.app.goo.gl/Ey4Mwa12wHASfxQ26
松戸市: トレンド	https://maps.app.goo.gl/ZXQrJan3fzDyQshYA
松戸市: 地元で人気	https://maps.app.goo.gl/KZ9Wf4KQHPPfkzZX6
松本市: トップリスト	https://maps.app.goo.gl/gE8UsVR4f2B9bWQx5
松本市: トレンド	https://maps.app.goo.gl/zGbAm3emK9YcG5qY8
松本市: 地元で人気	https://maps.app.goo.gl/1RtCHfnR6x7pgZKM7
松江市: トップリスト	https://maps.app.goo.gl/6rmGMNF6Q7vwAKJs6
松江市: トレンド	https://maps.app.goo.gl/fTHXSP25Q8Jdf2XN6
松江市: 地元で人気	https://maps.app.goo.gl/ejmZ8aE9Nk8dgAAMA
板橋区: トップリスト	https://maps.app.goo.gl/CjnhfB7CEvUEYfxe8
板橋区: トレンド	https://maps.app.goo.gl/rfg7Ct5TKHAYA2Eb7
板橋区: 地元で人気	https://maps.app.goo.gl/37Nzgp3NM9tvQBjZ8
柏市: トップリスト	https://maps.app.goo.gl/uYgtcxdyM2Zr6RLT9
柏市: トレンド	https://maps.app.goo.gl/5Zqqd2LSy13Tmi2S8
柏市: 地元で人気	https://maps.app.goo.gl/XXEE8CkjTfAxnEBf8
栄: トップリスト	https://maps.app.goo.gl/orM8zcVLmBYxmBf89
栄: トレンド	https://maps.app.goo.gl/gMi3FwactW8msf8k9
栄: 地元で人気	https://maps.app.goo.gl/o6AS1jpT38CSNUCfA
横浜市: トップリスト	https://maps.app.goo.gl/69CZJ62vNuJVCMdL9
横浜市: トレンド	https://maps.app.goo.gl/mFDkWVaVLQAdwpxVA
横浜市: 地元で人気	https://maps.app.goo.gl/enrLTa1w3X56sgtq9
歌舞伎町: トップリスト	https://maps.app.goo.gl/X2eQqke9UU9GPfdL9
歌舞伎町: トレンド	https://maps.app.goo.gl/DpFQV4tV8uPWvMaU6
歌舞伎町: 地元で人気	https://maps.app.goo.gl/AYmDh2JYKjDurCv87
此花区: トップリスト	https://maps.app.goo.gl/D1Hf6eVTEUDk62kV6
此花区: トレンド	https://maps.app.goo.gl/SqBF31T7tu8JmRCX8
此花区: 地元で人気	https://maps.app.goo.gl/HxT72gvdLUgpAZ338
武蔵野市: トップリスト	https://maps.app.goo.gl/wqrSGpae5maqpEz78
武蔵野市: トレンド	https://maps.app.goo.gl/RwJPYoWbLjn3uJH87
武蔵野市: 地元で人気	https://maps.app.goo.gl/ZsXrgZcdo4QWGXWc7
水戸市: トップリスト	https://maps.app.goo.gl/hSxg6NiQS8NZGjk27
水戸市: トレンド	https://maps.app.goo.gl/QkW8yJNHqYVcsD3BA
水戸市: 地元で人気	https://maps.app.goo.gl/CQrqdFWhFGmARxDi6
汐留: トップリスト	https://maps.app.goo.gl/dFW7oiBrndPH9cUu6
汐留: トレンド	https://maps.app.goo.gl/z24rZkvKA3UcgHWa8
江戸川区: トレンド	https://maps.app.goo.gl/gbad8wLz6QboJq3i8
江東区: トップリスト	https://maps.app.goo.gl/RPCqbDrfv6DQP4pV7
江東区: トレンド	https://maps.app.goo.gl/j1bbFLB3FceNcLKD9
江東区: 地元で人気	https://maps.app.goo.gl/yC4cUmfDRcDFK2u66
池袋: 地元で人気	https://maps.app.goo.gl/7nKjxbXYT7S99xSF6
沼津市: トップリスト	https://maps.app.goo.gl/1mWSCJnGQ1QE9SBb9
沼津市: トレンド	https://maps.app.goo.gl/o1wrWsP1ZVjwXAGd9
沼津市: 地元で人気	https://maps.app.goo.gl/GFoziTzVRbF1SvYs9
津市: トップリスト	https://maps.app.goo.gl/BUVifDNh5rkHq2pSA
津市: トレンド	https://maps.app.goo.gl/L7pgJUdv1iXTCnqy6
津市: 地元で人気	https://maps.app.goo.gl/UcqeDANQTqHhxQnt5
浅草: トップリスト	https://maps.app.goo.gl/44T9daZHrAp9vqAD8
浜松市: トップリスト	https://maps.app.goo.gl/47m4j16wWYJ2rJib6
浜松市: トレンド	https://maps.app.goo.gl/A6Qt7cYF7Ej25iRm9
浜松市: 地元で人気	https://maps.app.goo.gl/zqh9FptGd8b26orCA
浦和区: トップリスト	https://maps.app.goo.gl/qoJ1Dsg7tsN34ZR7A
浦和区: トレンド	https://maps.app.goo.gl/D58bstcyTUx8ewpa6
浦和区: 地元で人気	https://maps.app.goo.gl/iCQccHftSD1431tx9
浪速区: トップリスト	https://maps.app.goo.gl/eXtLX16ymqTQ8K7o8
浪速区: トレンド	https://maps.app.goo.gl/VrftHiA2eMtFDC629
浪速区: 地元で人気	https://maps.app.goo.gl/dTmsm3V9JEPhwK18A
淀川区: トップリスト	https://maps.app.goo.gl/BKt7Vrscvvxq9eBp8
淀川区: トレンド	https://maps.app.goo.gl/89MBehgEjCuf5Si26
渋谷区: トップリスト	https://maps.app.goo.gl/SuyhXu5BiNdN9h3e6
渋谷区: 地元で人気	https://maps.app.goo.gl/qV8aViKjsUATLu428
港区: トップリスト	https://maps.app.goo.gl/PAAmfBoiqxdS2x7N9
港区: トレンド	https://maps.app.goo.gl/xtGsDwQR7AX7QBj77
港区: 地元で人気	https://maps.app.goo.gl/PPx5DGkyYKUUHRGQ6
熊本市: トップリスト	https://maps.app.goo.gl/saTYM9GDhWMCoBse9
熊本市: トレンド	https://maps.app.goo.gl/6YFZq73LcCCmdq5R7
熊本市: 地元で人気	https://maps.app.goo.gl/9qz32yEN9DSkRR528
熱海市: トップリスト	https://maps.app.goo.gl/5YdQqopfGnLfo5N77
熱海市: トレンド	https://maps.app.goo.gl/TAt1S2zdnqeraiSC6
熱海市: 地元で人気	https://maps.app.goo.gl/iH4np32XB3s8JkCk7
甲府市: トップリスト	https://maps.app.goo.gl/gFCZDEh6fvC6FukE8
甲府市: トレンド	https://maps.app.goo.gl/xmaAPzbic9RjfUVGA
甲府市: 地元で人気	https://maps.app.goo.gl/RF3KzSCiXBpK17c79
町田市: トップリスト	https://maps.app.goo.gl/dTRGx6i1oXPNb1c56
町田市: トレンド	https://maps.app.goo.gl/iZJikZgjQWgYLamH7
町田市: 地元で人気	https://maps.app.goo.gl/cswtm8ds63sVD5u87
盛岡市: トップリスト	https://maps.app.goo.gl/nMKsqSNp48WgQgJCA
盛岡市: トレンド	https://maps.app.goo.gl/mpQVuVeVxUyJF37R8
盛岡市: 地元で人気	https://maps.app.goo.gl/vAVx6cEvF8aNY8JC6
目黒区: トップリスト	https://maps.app.goo.gl/9CMiJHjLb2MJuS2n8
目黒区: トレンド	https://maps.app.goo.gl/UvEticgRFRY2FC88A
目黒区: 地元で人気	https://maps.app.goo.gl/Vj6Xfnk4cZzekCPs9
相模原市: トップリスト	https://maps.app.goo.gl/aUckbVeFtw2BvVzj6
相模原市: トレンド	https://maps.app.goo.gl/LiDifmkXfje2Jd1FA
相模原市: 地元で人気	https://maps.app.goo.gl/bxnKaKoJaN8FRfDA6
祇園: 地元で人気	https://maps.app.goo.gl/gb3PUHahvdkbhjSM9
神戸市: トップリスト	https://maps.app.goo.gl/BNfLDmn2dFQ3PTeW7
神戸市: トレンド	https://maps.app.goo.gl/BYWzYJsZsUFaiEN27
神田: トップリスト	https://maps.app.goo.gl/BurDfM4SL4QaPiDCA
神田: トレンド	https://maps.app.goo.gl/ZKWgXj9ck38fmYaaA
神田: 地元で人気	https://maps.app.goo.gl/WC9c4KDUvEynGadT6
福井市: トップリスト	https://maps.app.goo.gl/8k6Myvyh2vzs61Nx7
福井市: トレンド	https://maps.app.goo.gl/J3rXVft7CanJ5CaJ9
福井市: 地元で人気	https://maps.app.goo.gl/p26MQN8unQvUHjr19
福山市: トップリスト	https://maps.app.goo.gl/Ygs5jRhi6vaDeUbc8
福山市: トレンド	https://maps.app.goo.gl/nB6wma18jyqjsS5K9
福山市: 地元で人気	https://maps.app.goo.gl/hS6ZXoBFvQg3jrmQ6
福岡市: トップリスト	https://maps.app.goo.gl/bGzR29rmHeYUvFAH6
福岡市: トレンド	https://maps.app.goo.gl/gwk2w9YHrmpHxUR87
福岡市: 地元で人気	https://maps.app.goo.gl/Vnisz5wHF5Cy9Cfb6
福島区: トレンド	https://maps.app.goo.gl/MDs8nBPDiKN2vj14A
福島区: 地元で人気	https://maps.app.goo.gl/KCkfWER5Lv8HPLKg9
秋田市: トップリスト	https://maps.app.goo.gl/L3MzHgBVNfRmg62T6
秋田市: トレンド	https://maps.app.goo.gl/5eUsExixm2zG7mBJ9
秋田市: 地元で人気	https://maps.app.goo.gl/Frn5Fv4g6WUStzPAA
秋葉原電気街: トップリスト	https://maps.app.goo.gl/r4p9N4EZsXMYziWu6
秋葉原電気街: トレンド	https://maps.app.goo.gl/93LGH5rcXRBEAsG76
秋葉原電気街: 地元で人気	https://maps.app.goo.gl/Q8x8u2LCFBUGz2nw6
立川市: トップリスト	https://maps.app.goo.gl/hTyGBEb21sCfdXd6A
立川市: トレンド	https://maps.app.goo.gl/XALf9q2aASyi8tsw7
立川市: 地元で人気	https://maps.app.goo.gl/g9Xn1RiQChBAWhyw6
練馬区: トップリスト	https://maps.app.goo.gl/kRKr4YWfs6Bo7acx7
練馬区: 地元で人気	https://maps.app.goo.gl/dZRAmRyfabax2ahv9
船橋市: トップリスト	https://maps.app.goo.gl/Q3XjV81v478r8Vp8A
船橋市: トレンド	https://maps.app.goo.gl/QPJAWR4BMuK9bLJBA
船橋市: 地元で人気	https://maps.app.goo.gl/bg5YBAQVPm8wNWAc9
荒川区: トップリスト	https://maps.app.goo.gl/khuZA3DmcCcLcHrA8
荒川区: トレンド	https://maps.app.goo.gl/bDFjoYmmWd9EmRD4A
荒川区: 地元で人気	https://maps.app.goo.gl/TV9Z6mPNtdvsBdVM7
葛飾区: トップリスト	https://maps.app.goo.gl/zSy5RR85CCKDUPrx8
葛飾区: トレンド	https://maps.app.goo.gl/MKNkrncn21CwHQya9
葛飾区: 地元で人気	https://maps.app.goo.gl/vysGZ54D5aYd6nwv7
藤沢市: トップリスト	https://maps.app.goo.gl/HAVAptsHwUn2dYHA7
藤沢市: トレンド	https://maps.app.goo.gl/HAgWFvYCRSkzgA6q8
藤沢市: 地元で人気	https://maps.app.goo.gl/EyZp4gP2h9P87BC88
西京区: トップリスト	https://maps.app.goo.gl/H94z1jumFctw8i6J6
西京区: トレンド	https://maps.app.goo.gl/SngLnFUVEjc88Hao8
西京区: 地元で人気	https://maps.app.goo.gl/4vsbb9HvWH3y5T7s8
西区: トップリスト	https://maps.app.goo.gl/UdpMdD1WBLQUnnwn9
西区: トレンド	https://maps.app.goo.gl/YxbGCFJkNx2nbBGt9
西区: 地元で人気	https://maps.app.goo.gl/GCPRK88Rrkg93xyV7
西宮市: トップリスト	https://maps.app.goo.gl/jAUtsdadb9tQK7Ef8
西宮市: トレンド	https://maps.app.goo.gl/YFR9PwYHcwJDnUyY9
西宮市: 地元で人気	https://maps.app.goo.gl/K1K7gsSeN3MZ19uW7
西新宿: トレンド	https://maps.app.goo.gl/aVaTmEU7AUA8mD1EA
西新宿: 地元で人気	https://maps.app.goo.gl/yq6enJmUcMs8cENP7
調布市: トップリスト	https://maps.app.goo.gl/kAjAJhEBEt4Zs1GB7
調布市: トレンド	https://maps.app.goo.gl/zr1Z1MgjptJpVnDu5
調布市: 地元で人気	https://maps.app.goo.gl/quAb6nK8WyUYdd3z7
豊中市: トップリスト	https://maps.app.goo.gl/KXDK1e5PjEvZXvwb8
豊中市: トレンド	https://maps.app.goo.gl/y8oj684sQhw3KK3w6
豊中市: 地元で人気	https://maps.app.goo.gl/cckaibVnfhQfP9oJ8
豊島区: トップリスト	https://maps.app.goo.gl/KsRwqYdXnk2jy9bQ7
豊島区: 地元で人気	https://maps.app.goo.gl/aoWkfcks78pj9G5u8
豊橋市: トップリスト	https://maps.app.goo.gl/3fmPkkSikWiSTdhL6
豊橋市: トレンド	https://maps.app.goo.gl/SC8qL2CWzZs31Q3H6
豊橋市: 地元で人気	https://maps.app.goo.gl/4f5XCE7GD2pAhZgj6
豊田市: トップリスト	https://maps.app.goo.gl/Fgn111uBYdzAoXBFA
豊田市: トレンド	https://maps.app.goo.gl/vwaUurmt7fg2taDa8
豊田市: 地元で人気	https://maps.app.goo.gl/GCw9pXNuamZa5n4w6
赤坂: トップリスト	https://maps.app.goo.gl/cY31Ypn5mPfvjqdB9
赤坂: トレンド	https://maps.app.goo.gl/q5ikXg6D95itkYAAA
赤坂: 地元で人気	https://maps.app.goo.gl/CsifjUVmY8wezAEu5
足立区: トップリスト	https://maps.app.goo.gl/owYdLsXVxGW9oRs46
足立区: 地元で人気	https://maps.app.goo.gl/2ChmzpwxYRxmPrVQ6
那覇市: トップリスト	https://maps.app.goo.gl/wmDFGMx1zk76w8sf7
那覇市: トレンド	https://maps.app.goo.gl/wBfFGZgTGdNrr6Tq8
那覇市: 地元で人気	https://maps.app.goo.gl/jwNNyjmtAdPdsmtK6
金沢市: トップリスト	https://maps.app.goo.gl/8gs5P6WvwzoEJ1Rh7
金沢市: トレンド	https://maps.app.goo.gl/QLBaKWQpjYbJBM9X7
金沢市: 地元で人気	https://maps.app.goo.gl/sKtLGCHEGH53QjFU8
銀座: トップリスト	https://maps.app.goo.gl/4ANoxcbDuHVSb8MSA
銀座: トレンド	https://maps.app.goo.gl/J9UvwMch9rBv7bop8
銀座: 地元で人気	https://maps.app.goo.gl/mbVBHKYXFE5rPuDV9
鎌倉市: トップリスト	https://maps.app.goo.gl/Y91FuqzTaZFPftZ28
鎌倉市: トレンド	https://maps.app.goo.gl/bTqyQVS5fHBRa4CQ8
鎌倉市: 地元で人気	https://maps.app.goo.gl/dM8ShBh5TFmepJrAA
長岡市: トップリスト	https://maps.app.goo.gl/VPcrdpg8KXTEn9nLA
長岡市: トレンド	https://maps.app.goo.gl/RPNy969xuUFsRxo16
長岡市: 地元で人気	https://maps.app.goo.gl/zLQyQEXcGqV7EDod6
長崎市: トップリスト	https://maps.app.goo.gl/mDkXP3B3n6X1Ez1d7
長崎市: トレンド	https://maps.app.goo.gl/pQ7fnrSvQF7jaDhL9
長崎市: 地元で人気	https://maps.app.goo.gl/8BnkfUr9odZpcMHA9
長野市: トップリスト	https://maps.app.goo.gl/sSKMp5upLoVjSzP68
長野市: トレンド	https://maps.app.goo.gl/tDsTju9zSC9hyn1bA
長野市: 地元で人気	https://maps.app.goo.gl/wmMjKbvAM2v9XqdAA
静岡市: トップリスト	https://maps.app.goo.gl/Zth1XaDhkjzgzbub7
静岡市: トレンド	https://maps.app.goo.gl/8H5LSABhgASovVRw9
静岡市: 地元で人気	https://maps.app.goo.gl/ignWFhiLTq8mtUwV6
高井戸: トップリスト	https://maps.app.goo.gl/RXeGJ2hyvqMV4BWv9
高井戸: トレンド	https://maps.app.goo.gl/AaSrQhbdUiAGaUJRA
高井戸: 地元で人気	https://maps.app.goo.gl/z4wLsurkc3rKCSEF9
高円寺北: トップリスト	https://maps.app.goo.gl/toStuTDrd667kiQT7
高円寺北: トレンド	https://maps.app.goo.gl/3zUouNtqSg4Meexg7
高崎市: トップリスト	https://maps.app.goo.gl/iq6H1QgSP3FQGngu9
高崎市: トレンド	https://maps.app.goo.gl/SAhCisGMkjYdDFS46
高崎市: 地元で人気	https://maps.app.goo.gl/S13Nq7gDBfrTqbkg7
高松市: トップリスト	https://maps.app.goo.gl/aLdtd2Px13tqQY9Q8
高松市: トレンド	https://maps.app.goo.gl/JA5QEqpRg1Rj3DUq5
高松市: 地元で人気	https://maps.app.goo.gl/VvZ9oJkH6thUbGbn6
高槻市: トップリスト	https://maps.app.goo.gl/VsqpfowVgezQ3SuXA
高槻市: トレンド	https://maps.app.goo.gl/MgRbetxrQvx5pJQa8
高槻市: 地元で人気	https://maps.app.goo.gl/MMyyZjuMzkpXdsH28
高知市: トップリスト	https://maps.app.goo.gl/hN8VhQHY9WcwwfGU8
高知市: トレンド	https://maps.app.goo.gl/Ps1SAvZBmvhrT2di7
高知市: 地元で人気	https://maps.app.goo.gl/dMyUqRwoeJJe9fuM7
鳥取市: トップリスト	https://maps.app.goo.gl/CTN4xmKMCncGJ5yC8
鳥取市: トレンド	https://maps.app.goo.gl/8ajfJATdoBqdoKmR9
鳥取市: 地元で人気	https://maps.app.goo.gl/6oMPKiZSHTFRyCbK9
鹿児島市: トップリスト	https://maps.app.goo.gl/Pn5VfCCatDiMh62D7
鹿児島市: トレンド	https://maps.app.goo.gl/P9nTDMgyE6wKZfkL7
鹿児島市: 地元で人気	https://maps.app.goo.gl/t3FbukhXpdAZJPdo8
麻布: トレンド	https://maps.app.goo.gl/4oYyK3wepbfjENXv5
麻布: 地元で人気	https://maps.app.goo.gl/ATemLydBPjNj9tg4A
原宿: トップリスト	https://maps.app.goo.gl/ayY5qWtDqXx7pMav7
池袋: トップリスト	https://maps.app.goo.gl/yTAS8esgwpWH4VDQA
東区: トップリスト	https://maps.app.goo.gl/2h65T5mZHnamTkpC8
